Word,Order,Rank,Band,SFI,U
repertoire,1,1,1,72.452,1759
obtain,2,2,1,66.519,449
distribution,3,3,1,65.665,369
parameter,4,4,1,64.369,273
aspect,5,5,1,64.19,262
dynamic,6,6,1,63.506,224
impact,7,7,1,63.491,223
domain,8,8,1,63.467,222
publish,9,9,1,62.897,195
denote,10,10,1,62.571,181
authority,11,11,1,62.502,178
semantic,12,12,1,62.38,173
par,13,13,1,62.339,171
ion,14,14,1,62.179,165
matrix,15,15,1,62.166,165
linear,16,16,1,62.119,163
cognitive,17,17,1,62.068,161
graph,18,18,1,61.814,152
correlation,19,19,1,61.761,150
linguistic,20,20,1,61.741,149
acid,21,21,1,61.719,149
induce,22,22,1,61.652,146
velocity,23,23,1,61.636,146
interval,24,24,1,61.62,145
discourse,25,25,1,61.513,142
finite,26,26,1,61.478,141
stimulus,27,27,1,61.442,139
vector,28,28,1,61.431,139
electron,29,29,1,61.413,138
receptor,30,30,1,61.36,137
theorem,31,31,1,61.319,135
algorithm,32,32,1,61.252,133
fluid,33,33,1,61.211,132
developmental,34,34,1,61.171,131
bound,35,35,1,61.142,130
molecular,36,36,1,61.019,126
transformation,37,37,1,60.981,125
spatial,38,38,1,60.886,123
coefficient,39,39,1,60.834,121
translation,40,40,1,60.695,117
membrane,41,41,1,60.675,117
neuron,42,42,1,60.646,116
simulation,43,43,1,60.642,116
lexical,44,44,1,60.617,115
regime,45,45,1,60.528,113
variance,46,46,1,60.343,108
molecule,47,47,1,60.305,107
marker,48,48,1,60.234,106
empirical,49,49,1,60.149,103
robot,50,50,1,60.055,101
statistical,51,51,2,60,100
vowel,52,52,2,59.968,99
equilibrium,53,53,2,59.952,99
intensity,54,54,2,59.938,99
regression,55,55,2,59.918,98
diagnosis,56,56,2,59.844,96
identification,57,57,2,59.821,96
node,58,58,2,59.781,95
candidate,59,59,2,59.726,94
partial,60,60,2,59.709,94
correlate,61,61,2,59.679,93
mortality,62,62,2,59.671,93
antibody,63,63,2,59.649,92
temporal,64,64,2,59.611,91
particle,65,65,2,59.587,91
duration,66,66,2,59.577,91
behavioral,67,67,2,59.549,90
consumption,68,68,2,59.545,90
bilingual,69,69,2,59.488,89
sensitivity,70,70,2,59.471,89
similarity,71,71,2,59.459,88
optimal,72,72,2,59.411,87
explicit,73,73,2,59.389,87
mutation,74,74,2,59.374,87
colonial,75,75,2,59.37,86
spectrum,76,76,2,59.327,86
phonological,77,76,2,59.327,86
nucleus,78,78,2,59.324,86
onset,79,79,2,59.314,85
integration,80,80,2,59.263,84
dominant,81,81,2,59.25,84
pathway,82,82,2,59.216,83
coordinate,83,83,2,59.192,83
calculation,84,84,2,59.182,83
precede,85,85,2,59.163,82
subset,86,86,2,59.149,82
syntactic,87,87,2,59.143,82
orientation,88,88,2,59.133,82
proposition,89,89,2,59.126,82
inequality,90,90,2,59.111,81
identical,91,91,2,59.107,81
prevalence,92,92,2,59.103,81
differential,93,93,2,59.041,80
generalize,94,94,2,59.029,80
beam,95,95,2,59.017,80
pulse,96,96,2,59.014,80
norm,97,97,2,59.005,80
trait,98,98,2,58.974,79
prediction,99,99,2,58.96,79
correspondence,100,100,2,58.943,78
essentially,101,101,3,58.934,78
syllable,102,102,3,58.821,76
chromosome,103,103,3,58.774,75
infect,104,104,3,58.764,75
magnetic,105,105,3,58.756,75
configuration,106,106,3,58.755,75
numerical,107,107,3,58.742,75
namely,108,108,3,58.728,75
intermediate,109,109,3,58.719,74
transmission,110,110,3,58.718,74
dose,111,111,3,58.711,74
occurrence,112,112,3,58.698,74
maternal,113,113,3,58.691,74
axis,114,114,3,58.672,74
rational,115,115,3,58.661,73
locus,116,116,3,58.635,73
elite,117,117,3,58.631,73
approximation,118,118,3,58.602,72
thesis,119,119,3,58.6,72
sin,120,120,3,58.585,72
classification,121,121,3,58.542,71
threshold,122,122,3,58.516,71
syndrome,123,123,3,58.505,71
comparative,124,124,3,58.502,71
activate,125,125,3,58.462,70
adolescent,126,126,3,58.461,70
vocabulary,127,127,3,58.444,70
utterance,128,128,3,58.441,70
encode,129,128,3,58.441,70
facilitate,130,130,3,58.438,70
incidence,131,131,3,58.423,70
induction,132,132,3,58.419,69
trajectory,133,133,3,58.416,69
manuscript,134,134,3,58.407,69
commonly,135,135,3,58.322,68
grammatical,136,136,3,58.317,68
accuracy,137,137,3,58.315,68
amplitude,138,138,3,58.308,68
adaptation,139,138,3,58.308,68
cortex,140,140,3,58.305,68
minimal,141,141,3,58.279,67
systematic,142,142,3,58.275,67
horizontal,143,143,3,58.267,67
synthesis,144,144,3,58.258,67
projection,145,144,3,58.258,67
diameter,146,146,3,58.256,67
cone,147,147,3,58.244,67
dependence,148,148,3,58.237,67
organism,149,149,3,58.219,66
emergence,150,150,3,58.201,66
overlap,151,151,4,58.186,66
substitution,152,152,4,58.144,65
explicitly,153,153,4,58.124,65
evident,154,154,4,58.121,65
conceptual,155,155,4,58.113,65
detection,156,156,4,58.103,65
interact,157,157,4,58.098,65
neural,158,158,4,58.082,64
chronic,159,159,4,58.07,64
integral,160,160,4,58.063,64
enzyme,161,161,4,58.051,64
conference,162,162,4,58.044,64
conception,163,163,4,58.038,64
ex,164,164,4,58.029,64
ideology,165,165,4,58.025,63
sperm,166,166,4,58.012,63
quantitative,167,167,4,58.011,63
sphere,168,168,4,57.993,63
instability,169,169,4,57.974,63
mediate,170,170,4,57.953,62
specification,171,171,4,57.947,62
classify,172,172,4,57.937,62
physician,173,173,4,57.936,62
computation,174,174,4,57.915,62
oral,175,175,4,57.91,62
mid,176,176,4,57.909,62
indicator,177,177,4,57.895,62
variant,178,178,4,57.888,61
evolutionary,179,179,4,57.866,61
feedback,180,180,4,57.858,61
collective,181,181,4,57.824,61
arbitrary,182,182,4,57.817,60
fraction,183,183,4,57.805,60
estimation,184,184,4,57.802,60
nonlinear,185,185,4,57.795,60
deviation,186,186,4,57.786,60
compact,187,186,4,57.786,60
diagram,188,188,4,57.785,60
tropical,189,189,4,57.782,60
morphology,190,190,4,57.76,60
thereby,191,191,4,57.75,60
syntax,192,192,4,57.747,60
defect,193,193,4,57.744,59
separation,194,194,4,57.743,59
convergence,195,195,4,57.738,59
sufficiently,196,196,4,57.734,59
valid,197,197,4,57.729,59
interface,198,198,4,57.726,59
radiation,199,199,4,57.725,59
vertical,200,200,4,57.724,59
embed,201,200,5,57.724,59
acute,202,202,5,57.723,59
utility,203,203,5,57.696,59
complement,204,204,5,57.666,58
leaf,205,205,5,57.651,58
verbal,206,206,5,57.644,58
aggregate,207,207,5,57.643,58
equality,208,208,5,57.621,58
corpus,209,209,5,57.611,58
organ,210,210,5,57.603,58
gradient,211,211,5,57.599,58
methodology,212,212,5,57.595,57
entity,213,213,5,57.57,57
tumor,214,214,5,57.567,57
fiber,215,215,5,57.559,57
paradigm,216,216,5,57.547,57
psychology,217,217,5,57.534,57
infinite,218,218,5,57.52,56
diverse,219,219,5,57.487,56
diagnostic,220,220,5,57.486,56
continuity,221,221,5,57.449,56
variability,222,222,5,57.431,55
outer,223,223,5,57.423,55
notation,224,224,5,57.412,55
probe,225,225,5,57.391,55
migration,226,226,5,57.39,55
mathematical,227,227,5,57.388,55
likelihood,228,228,5,57.367,55
comparable,229,229,5,57.333,54
magnitude,230,230,5,57.307,54
array,231,231,5,57.299,54
inclusion,232,232,5,57.292,54
emission,233,233,5,57.265,53
inference,234,234,5,57.261,53
non,235,235,5,57.257,53
consciousness,236,236,5,57.241,53
simultaneously,237,237,5,57.234,53
disturbance,238,238,5,57.225,53
hierarchy,239,239,5,57.217,53
rotation,240,240,5,57.191,52
validity,241,241,5,57.181,52
periodic,242,241,5,57.181,52
archaeology,243,243,5,57.178,52
atom,244,244,5,57.173,52
modification,245,245,5,57.163,52
partition,246,246,5,57.154,52
initiate,247,247,5,57.151,52
autonomy,248,248,5,57.139,52
inhibit,249,249,5,57.126,52
consonant,250,250,5,57.118,51
biology,251,251,6,57.114,51
scenario,252,252,6,57.103,51
conditional,253,253,6,57.096,51
contrary,254,254,6,57.084,51
discrete,255,255,6,57.08,51
classroom,256,256,6,57.072,51
morphological,257,257,6,57.069,51
lateral,258,258,6,57.063,51
injection,259,259,6,57.053,51
effectiveness,260,260,6,57.05,51
insect,261,261,6,57.042,51
logical,262,262,6,57.032,50
calculus,263,263,6,57.014,50
usage,264,264,6,56.996,50
longitudinal,265,264,6,56.996,50
neutral,266,266,6,56.985,50
marginal,267,267,6,56.96,50
client,268,267,6,56.96,50
characterization,269,269,6,56.957,50
ethical,270,270,6,56.936,49
superior,271,271,6,56.934,49
approximate,272,272,6,56.929,49
composer,273,273,6,56.92,49
singular,274,274,6,56.917,49
converge,275,275,6,56.913,49
fetal,276,276,6,56.908,49
comprehension,277,277,6,56.904,49
implicit,278,278,6,56.895,49
span,279,279,6,56.893,49
oxygen,280,280,6,56.89,49
formulation,281,281,6,56.885,49
dialect,282,282,6,56.884,49
colony,283,283,6,56.871,49
immune,284,284,6,56.868,49
loop,285,285,6,56.846,48
algebra,286,286,6,56.842,48
derivative,287,287,6,56.84,48
appendix,288,288,6,56.838,48
overview,289,289,6,56.836,48
diffusion,290,290,6,56.827,48
specimen,291,291,6,56.813,48
assert,292,292,6,56.805,48
widespread,293,293,6,56.802,48
competence,294,294,6,56.8,48
residual,295,295,6,56.798,48
fusion,296,296,6,56.797,48
conservation,297,297,6,56.79,48
constrain,298,298,6,56.789,48
virtue,299,299,6,56.788,48
differentiate,300,299,6,56.788,48
amino,301,301,7,56.785,48
partially,302,302,7,56.781,48
preliminary,303,303,7,56.779,48
philosophical,304,304,7,56.777,48
pre,305,305,7,56.759,47
transaction,306,306,7,56.757,47
prominent,307,307,7,56.743,47
indigenous,308,308,7,56.734,47
render,309,309,7,56.724,47
independently,310,310,7,56.717,47
symbolic,311,311,7,56.714,47
utilize,312,312,7,56.699,47
physiological,313,313,7,56.681,47
indirect,314,314,7,56.678,47
calcium,315,315,7,56.669,46
assembly,316,315,7,56.669,46
strictly,317,317,7,56.653,46
unity,318,318,7,56.65,46
psychiatric,319,318,7,56.65,46
critique,320,320,7,56.647,46
differentiation,321,321,7,56.646,46
closure,322,322,7,56.642,46
minimize,323,323,7,56.638,46
selective,324,324,7,56.637,46
availability,325,325,7,56.633,46
depict,326,326,7,56.61,46
cue,327,327,7,56.6,46
parental,328,328,7,56.59,46
ritual,329,329,7,56.577,45
fertility,330,330,7,56.559,45
adjacent,331,331,7,56.556,45
readily,332,332,7,56.553,45
observer,333,332,7,56.553,45
inhibition,334,332,7,56.553,45
questionnaire,335,335,7,56.55,45
generalization,336,336,7,56.546,45
qualitative,337,337,7,56.538,45
tense,338,338,7,56.531,45
transcription,339,339,7,56.502,45
locally,340,339,7,56.502,45
nutrient,341,341,7,56.497,45
reinforce,342,342,7,56.494,45
statistically,343,343,7,56.493,45
simulate,344,343,7,56.493,45
dense,345,345,7,56.491,45
ecology,346,346,7,56.49,45
null,347,347,7,56.472,44
terminal,348,348,7,56.457,44
informal,349,349,7,56.448,44
discharge,350,350,7,56.443,44
adaptive,351,351,8,56.439,44
ecological,352,352,8,56.43,44
protocol,353,353,8,56.421,44
progressive,354,354,8,56.413,44
aesthetic,355,355,8,56.408,44
exploit,356,356,8,56.397,44
agriculture,357,356,8,56.397,44
practitioner,358,358,8,56.391,44
occupation,359,359,8,56.383,43
equivalence,360,360,8,56.343,43
pragmatic,361,361,8,56.341,43
productivity,362,362,8,56.319,43
arrow,363,363,8,56.304,43
reproduce,364,364,8,56.302,43
commentary,365,365,8,56.292,43
residue,366,366,8,56.279,42
unstable,367,367,8,56.275,42
consensus,368,368,8,56.259,42
simplify,369,369,8,56.255,42
radius,370,370,8,56.236,42
artificial,371,371,8,56.221,42
harvest,372,372,8,56.205,42
suicide,373,373,8,56.197,42
pi,374,374,8,56.158,41
monkey,375,375,8,56.124,41
habitat,376,376,8,56.092,41
assignment,377,377,8,56.09,41
replicate,378,378,8,56.085,41
mechanical,379,379,8,56.076,41
disability,380,380,8,56.073,40
cattle,381,381,8,56.069,40
purely,382,382,8,56.067,40
contradiction,383,383,8,56.053,40
scatter,384,384,8,56.047,40
problematic,385,385,8,56.034,40
correction,386,386,8,56.022,40
linguistics,387,387,8,56.015,40
hormone,388,388,8,56.006,40
primitive,389,389,8,55.994,40
ethics,390,390,8,55.981,40
accumulation,391,391,8,55.973,40
static,392,392,8,55.96,39
consent,393,393,8,55.934,39
substrate,394,394,8,55.933,39
straightforward,395,395,8,55.931,39
discrimination,396,396,8,55.907,39
separately,397,397,8,55.903,39
randomize,398,398,8,55.884,39
sensory,399,399,8,55.852,38
confine,400,400,8,55.83,38
peripheral,401,401,9,55.789,38
mineral,402,401,9,55.789,38
spontaneous,403,403,9,55.759,38
reliability,404,404,9,55.75,38
clone,405,405,9,55.741,38
orient,406,406,9,55.736,37
elaborate,407,407,9,55.732,37
nominal,408,408,9,55.727,37
insert,409,409,9,55.717,37
reproduction,410,410,9,55.716,37
dominance,411,411,9,55.714,37
allocation,412,412,9,55.697,37
lung,413,413,9,55.688,37
productive,414,414,9,55.682,37
decay,415,415,9,55.661,37
conscious,416,416,9,55.656,37
thickness,417,417,9,55.655,37
transmit,418,418,9,55.651,37
conceive,419,419,9,55.644,37
offspring,420,420,9,55.636,37
resemble,421,421,9,55.63,37
circulation,422,422,9,55.629,37
correctly,423,423,9,55.621,36
necessity,424,424,9,55.614,36
metaphor,425,425,9,55.593,36
tract,426,426,9,55.59,36
liver,427,427,9,55.577,36
subjective,428,428,9,55.573,36
accumulate,429,429,9,55.566,36
rejection,430,430,9,55.563,36
maximize,431,431,9,55.557,36
replacement,432,432,9,55.554,36
amongst,433,433,9,55.515,36
complication,434,434,9,55.513,36
valve,435,435,9,55.504,36
plural,436,435,9,55.504,36
absorption,437,437,9,55.479,35
monetary,438,438,9,55.471,35
thermal,439,439,9,55.466,35
likewise,440,440,9,55.462,35
tolerance,441,441,9,55.447,35
articulate,442,442,9,55.439,35
donor,443,443,9,55.438,35
flux,444,444,9,55.415,35
mobility,445,445,9,55.412,35
manipulation,446,446,9,55.407,35
elevate,447,447,9,55.405,35
nationalism,448,448,9,55.394,35
analogy,449,449,9,55.392,35
adverse,450,450,9,55.387,35
plausible,451,451,10,55.37,34
nitrogen,452,451,10,55.37,34
vein,453,453,10,55.365,34
controversy,454,454,10,55.305,34
wheat,455,455,10,55.29,34
rewrite,456,456,10,55.265,34
manual,457,457,10,55.259,34
strategic,458,458,10,55.243,33
peasant,459,459,10,55.231,33
absorb,460,460,10,55.197,33
sketch,461,461,10,55.193,33
justification,462,462,10,55.19,33
lifetime,463,463,10,55.186,33
binary,464,464,10,55.168,33
definite,465,465,10,55.167,33
contour,466,466,10,55.132,33
execution,467,467,10,55.13,33
rhythm,468,468,10,55.118,32
ultimate,469,469,10,55.098,32
dictionary,470,470,10,55.096,32
constitution,471,471,10,55.072,32
acceleration,472,472,10,55.071,32
undermine,473,473,10,55.052,32
disadvantage,474,474,10,55.045,32
myth,475,475,10,55.034,32
strand,476,476,10,55.015,32
unify,477,477,10,54.965,31
randomly,478,478,10,54.956,31
philosopher,479,479,10,54.954,31
pronounce,480,480,10,54.951,31
workshop,481,481,10,54.948,31
objection,482,482,10,54.944,31
meaningful,483,483,10,54.942,31
wavelength,484,484,10,54.94,31
diagnose,485,485,10,54.925,31
accent,486,486,10,54.904,31
realm,487,487,10,54.899,31
replication,488,488,10,54.871,31
basin,489,489,10,54.858,31
admission,490,490,10,54.844,31
interestingly,491,491,10,54.84,30
clarify,492,492,10,54.827,30
grid,493,493,10,54.826,30
curriculum,494,494,10,54.807,30
displacement,495,495,10,54.804,30
coherent,496,496,10,54.801,30
standardize,497,497,10,54.795,30
civilization,498,498,10,54.785,30
positively,499,499,10,54.762,30
bacterial,500,500,10,54.733,30
deficiency,501,501,11,54.723,30
legitimate,502,502,11,54.705,30
sophisticate,503,503,11,54.672,29
accelerate,504,504,11,54.671,29
exponential,505,505,11,54.668,29
formally,506,506,11,54.634,29
socially,507,507,11,54.632,29
accurately,508,508,11,54.63,29
influential,509,509,11,54.616,29
progression,510,510,11,54.61,29
essence,511,511,11,54.607,29
cylinder,512,512,11,54.606,29
scholarship,513,513,11,54.601,29
sodium,514,514,11,54.597,29
predominantly,515,515,11,54.591,29
oscillation,516,516,11,54.585,29
impulse,517,516,11,54.585,29
theorist,518,518,11,54.58,29
manipulate,519,519,11,54.561,29
alliance,520,520,11,54.553,29
crystal,521,521,11,54.546,28
importantly,522,522,11,54.544,28
stack,523,523,11,54.519,28
drift,524,524,11,54.515,28
nest,525,525,11,54.507,28
fossil,526,526,11,54.503,28
resistant,527,527,11,54.502,28
dimensional,528,527,11,54.502,28
punishment,529,529,11,54.498,28
rhetoric,530,530,11,54.488,28
artifact,531,531,11,54.477,28
carrier,532,532,11,54.47,28
surgical,533,533,11,54.461,28
coordination,534,534,11,54.455,28
turbulent,535,535,11,54.437,28
quantum,536,536,11,54.436,28
sediment,537,537,11,54.403,28
ray,538,538,11,54.371,27
conserve,539,539,11,54.358,27
primer,540,540,11,54.348,27
grasp,541,541,11,54.345,27
bulk,542,542,11,54.327,27
terminology,543,543,11,54.32,27
vegetation,544,544,11,54.315,27
triangle,545,545,11,54.284,27
traditionally,546,546,11,54.283,27
execute,547,547,11,54.26,27
intensive,548,548,11,54.231,26
reconstruct,549,549,11,54.215,26
broadly,550,550,11,54.209,26
metabolism,551,551,12,54.205,26
revolutionary,552,552,12,54.203,26
merge,553,553,12,54.192,26
dilemma,554,554,12,54.174,26
motif,555,555,12,54.158,26
motive,556,556,12,54.153,26
subtle,557,557,12,54.148,26
clinic,558,558,12,54.145,26
allocate,559,559,12,54.143,26
hydrogen,560,560,12,54.123,26
dissertation,561,561,12,54.116,26
susceptible,562,562,12,54.112,26
architect,563,563,12,54.109,26
coronary,564,564,12,54.101,26
breakdown,565,565,12,54.084,26
inject,566,566,12,54.077,26
economist,567,567,12,54.069,26
momentum,568,568,12,54.043,25
polar,569,569,12,54.032,25
backward,570,570,12,54.031,25
multiply,571,571,12,54.019,25
morality,572,572,12,54.008,25
communicative,573,573,12,54.003,25
physically,574,574,12,53.993,25
rainfall,575,575,12,53.988,25
politically,576,576,12,53.986,25
invasion,577,577,12,53.966,25
inevitably,578,578,12,53.959,25
capitalism,579,579,12,53.954,25
expertise,580,580,12,53.944,25
inferior,581,581,12,53.928,25
actively,582,582,12,53.924,25
quotation,583,583,12,53.914,25
composite,584,584,12,53.91,25
historically,585,585,12,53.895,25
textbook,586,586,12,53.886,24
bundle,587,587,12,53.882,24
elementary,588,588,12,53.881,24
capitalist,589,589,12,53.876,24
flexibility,590,590,12,53.873,24
cord,591,591,12,53.838,24
realistic,592,592,12,53.836,24
initiation,593,592,12,53.836,24
horizon,594,594,12,53.834,24
consultation,595,595,12,53.832,24
ruler,596,596,12,53.831,24
freely,597,597,12,53.817,24
rotate,598,598,12,53.812,24
commodity,599,599,12,53.805,24
elevation,600,600,12,53.792,24
intervene,601,601,13,53.781,24
compensate,602,602,13,53.779,24
atomic,603,603,13,53.775,24
trivial,604,604,13,53.767,24
stance,605,605,13,53.756,24
stabilize,606,606,13,53.738,24
profound,607,607,13,53.723,24
whereby,608,608,13,53.717,24
ancestor,609,609,13,53.712,24
genetics,610,610,13,53.705,23
proton,611,611,13,53.672,23
phosphate,612,612,13,53.639,23
gravity,613,613,13,53.636,23
pole,614,614,13,53.63,23
puzzle,615,615,13,53.621,23
respiratory,616,616,13,53.617,23
elimination,617,617,13,53.61,23
exit,618,618,13,53.608,23
corruption,619,619,13,53.582,23
circulate,620,620,13,53.573,23
obscure,621,621,13,53.555,23
contradict,622,622,13,53.531,23
interfere,623,623,13,53.514,22
trauma,624,624,13,53.505,22
upward,625,625,13,53.504,22
gross,626,626,13,53.493,22
optical,627,627,13,53.472,22
communist,628,628,13,53.467,22
continent,629,629,13,53.458,22
physics,630,630,13,53.44,22
viable,631,631,13,53.435,22
limb,632,632,13,53.429,22
retrieve,633,633,13,53.413,22
presume,634,634,13,53.406,22
rationality,635,635,13,53.385,22
stereotype,636,636,13,53.371,22
slavery,637,637,13,53.344,22
artistic,638,638,13,53.283,21
faculty,639,639,13,53.282,21
anthropology,640,639,13,53.282,21
antibiotic,641,641,13,53.276,21
portray,642,642,13,53.275,21
sexuality,643,643,13,53.225,21
chemistry,644,643,13,53.225,21
axiom,645,645,13,53.221,21
pest,646,646,13,53.215,21
fracture,647,647,13,53.209,21
transplant,648,648,13,53.206,21
goods,649,649,13,53.194,21
shortly,650,650,13,53.155,21
epidemic,651,651,14,53.131,21
inversion,652,652,14,53.107,20
irrelevant,653,653,14,53.103,20
mechanic,654,654,14,53.094,20
epidemiology,655,655,14,53.092,20
dissolve,656,656,14,53.089,20
fatigue,657,657,14,53.04,20
nonetheless,658,658,14,53.026,20
bargain,659,659,14,52.994,20
infectious,660,660,14,52.98,20
individually,661,661,14,52.951,20
psychologist,662,662,14,52.95,20
trans,663,663,14,52.946,20
irrigation,664,664,14,52.903,20
diary,665,665,14,52.865,19
treaty,666,666,14,52.86,19
rehabilitation,667,667,14,52.856,19
illusion,668,668,14,52.847,19
bat,669,669,14,52.83,19
optimum,670,670,14,52.828,19
fever,671,671,14,52.821,19
paradox,672,672,14,52.818,19
kidney,673,673,14,52.784,19
predator,674,674,14,52.749,19
migrate,675,675,14,52.697,19
infinity,676,676,14,52.696,19
shallow,677,677,14,52.691,19
fundamentally,678,678,14,52.651,18
synthetic,679,679,14,52.608,18
solar,680,680,14,52.604,18
hepatitis,681,681,14,52.6,18
ton,682,682,14,52.591,18
bubble,683,683,14,52.573,18
bracket,684,684,14,52.56,18
elasticity,685,685,14,52.537,18
cure,686,686,14,52.528,18
contradictory,687,687,14,52.518,18
sensation,688,688,14,52.51,18
sustainable,689,689,14,52.488,18
elastic,690,690,14,52.487,18
machinery,691,691,14,52.466,18
dictate,692,692,14,52.435,18
vitamin,693,693,14,52.428,17
incline,694,694,14,52.424,17
leisure,695,695,14,52.396,17
enforcement,696,696,14,52.394,17
prey,697,697,14,52.389,17
cyclic,698,697,14,52.389,17
clue,699,699,14,52.362,17
friction,700,700,14,52.36,17
parenthesis,701,701,15,52.347,17
noble,702,702,15,52.34,17
potassium,703,703,15,52.332,17
reactive,704,704,15,52.33,17
genetically,705,705,15,52.314,17
bacteria,706,706,15,52.311,17
wisdom,707,707,15,52.306,17
crude,708,708,15,52.289,17
realism,709,709,15,52.282,17
deliberately,710,710,15,52.25,17
chemotherapy,711,711,15,52.248,17
surplus,712,712,15,52.24,17
capillary,713,713,15,52.236,17
directive,714,714,15,52.227,17
globalization,715,715,15,52.189,17
alien,716,716,15,52.156,16
portfolio,717,717,15,52.133,16
monopoly,718,718,15,52.128,16
lifestyle,719,719,15,52.098,16
invert,720,720,15,52.083,16
thread,721,721,15,52.077,16
clay,722,722,15,52.029,16
dye,723,723,15,52.027,16
transcribe,724,724,15,52.012,16
dilute,725,725,15,52.011,16
tribe,726,726,15,51.989,16
damp,727,727,15,51.978,16
economically,728,728,15,51.967,16
critically,729,729,15,51.896,15
secrete,730,730,15,51.868,15
hip,731,731,15,51.859,15
plantation,732,732,15,51.848,15
prejudice,733,733,15,51.8,15
onwards,734,734,15,51.795,15
anti,735,735,15,51.771,15
helix,736,736,15,51.735,15
interrupt,737,737,15,51.719,15
domination,738,738,15,51.657,15
undergraduate,739,739,15,51.633,15
soluble,740,740,15,51.627,15
innate,741,741,15,51.607,14
dioxide,742,742,15,51.598,14
goat,743,743,15,51.538,14
emit,744,744,15,51.536,14
confound,745,745,15,51.531,14
competent,746,746,15,51.528,14
degrade,747,747,15,51.515,14
layout,748,748,15,51.506,14
fabric,749,749,15,51.498,14
container,750,750,15,51.495,14
fungus,751,751,16,51.493,14
reservoir,752,752,16,51.49,14
footnote,753,753,16,51.484,14
bodily,754,754,16,51.446,14
niche,755,755,16,51.415,14
vague,756,756,16,51.407,14
affirm,757,757,16,51.347,14
urine,758,758,16,51.297,13
afterward,759,759,16,51.275,13
jazz,760,760,16,51.263,13
antiquity,761,761,16,51.252,13
unemployed,762,762,16,51.242,13
toxic,763,763,16,51.236,13
yeast,764,764,16,51.228,13
punish,765,765,16,51.174,13
forum,766,766,16,51.173,13
bleed,767,767,16,51.17,13
overhead,768,768,16,51.165,13
republic,769,769,16,51.139,13
processor,770,770,16,51.123,13
goodness,771,771,16,51.122,13
comply,772,772,16,51.017,13
audit,773,772,16,51.017,13
legend,774,774,16,51.016,13
slot,775,775,16,50.941,12
drain,776,776,16,50.892,12
abdominal,777,777,16,50.888,12
media,778,778,16,50.882,12
tempt,779,779,16,50.881,12
outlet,780,780,16,50.88,12
precipitation,781,781,16,50.865,12
founds,782,782,16,50.854,12
invade,783,783,16,50.843,12
interviewer,784,784,16,50.812,12
apple,785,785,16,50.807,12
planner,786,786,16,50.802,12
supposedly,787,787,16,50.778,12
gut,788,788,16,50.773,12
swell,789,789,16,50.746,12
emperor,790,790,16,50.699,12
altitude,791,791,16,50.681,12
gauge,792,792,16,50.665,12
transparency,793,793,16,50.636,12
sub,794,794,16,50.634,12
blank,795,795,16,50.569,11
chloride,796,796,16,50.526,11
sensible,797,797,16,50.508,11
weave,798,798,16,50.467,11
destination,799,799,16,50.462,11
precipitate,800,800,16,50.42,11
painful,801,801,17,50.411,11
industrialization,802,802,17,50.403,11
lab,803,803,17,50.397,11
seminar,804,804,17,50.37,11
minus,805,805,17,50.361,11
conduction,806,806,17,50.328,11
audio,807,807,17,50.308,11
subtract,808,808,17,50.296,11
facet,809,809,17,50.286,11
splice,810,810,17,50.174,10
incumbent,811,811,17,50.169,10
biodiversity,812,812,17,50.153,10
chunk,813,813,17,50.02,10
credibility,814,814,17,49.993,10
tutor,815,815,17,49.932,10
super,816,816,17,49.916,10
fin,817,817,17,49.87,10
aluminum,818,818,17,49.867,10
gram,819,819,17,49.85,10
liable,820,820,17,49.828,10
marble,821,821,17,49.802,10
pesticide,822,822,17,49.732,9
technically,823,823,17,49.646,9
criteria,824,824,17,49.642,9
fringe,825,825,17,49.598,9
messenger,826,826,17,49.576,9
biologist,827,827,17,49.565,9
connotation,828,828,17,49.558,9
delta,829,829,17,49.534,9
tremendous,830,830,17,49.486,9
snake,831,831,17,49.471,9
flesh,832,832,17,49.42,9
ghost,833,833,17,49.342,9
marrow,834,834,17,49.339,9
surgeon,835,835,17,49.328,9
instinct,836,836,17,49.319,9
industrialize,837,837,17,49.284,8
denominator,838,838,17,49.23,8
stripe,839,839,17,49.188,8
junior,840,840,17,49.179,8
solvent,841,841,17,49.177,8
kilometer,842,842,17,49.137,8
slab,843,843,17,49.101,8
click,844,844,17,49.004,8
hedge,845,845,17,48.823,8
spray,846,846,17,48.819,8
cinema,847,847,17,48.811,8
plug,848,848,17,48.755,8
naked,849,849,17,48.731,7
indifference,850,850,17,48.72,7
erase,851,851,18,48.677,7
powder,852,852,18,48.592,7
micro,853,853,18,48.505,7
clip,854,854,18,48.398,7
solute,855,855,18,48.377,7
dissection,856,856,18,48.318,7
censor,857,857,18,48.281,7
portrayal,858,858,18,48.265,7
statistics,859,859,18,48.058,6
thumb,860,860,18,48.036,6
acidic,861,861,18,48.035,6
uplift,862,862,18,48.006,6
flip,863,863,18,48.002,6
congruent,864,864,18,47.982,6
parcel,865,865,18,47.921,6
lecturer,866,866,18,47.917,6
skip,867,867,18,47.907,6
poster,868,868,18,47.885,6
sword,869,869,18,47.832,6
photographic,870,870,18,47.808,6
auction,871,871,18,47.752,6
barrel,872,872,18,47.735,6
mentor,873,873,18,47.731,6
nicely,874,874,18,47.725,6
lump,875,875,18,47.72,6
quiz,876,876,18,47.681,6
watershed,877,877,18,47.662,6
liter,878,878,18,47.433,6
oxidize,879,879,18,47.402,5
mercury,880,880,18,47.366,5
noisy,881,881,18,47.358,5
headquarters,882,882,18,47.357,5
phenomenal,883,883,18,47.322,5
multinational,884,884,18,47.306,5
comma,885,885,18,47.236,5
bizarre,886,886,18,47.216,5
specialty,887,887,18,47.202,5
socialize,888,888,18,47.163,5
novice,889,889,18,47.123,5
enormously,890,889,18,47.123,5
rope,891,891,18,47.082,5
campus,892,892,18,47.053,5
clever,893,893,18,47.03,5
mole,894,894,18,46.893,5
sometime,895,895,18,46.791,5
bucket,896,896,18,46.689,5
swap,897,897,18,46.674,5
recipe,898,898,18,46.646,5
airplane,899,899,18,46.596,5
deflection,900,900,18,46.573,5
deceive,901,901,19,46.559,5
syllabus,902,902,19,46.543,5
neat,903,903,19,46.535,5
factorial,904,904,19,46.511,4
lever,905,905,19,46.508,4
descriptor,906,906,19,46.495,4
semester,907,907,19,46.324,4
underneath,908,908,19,46.213,4
reactor,909,909,19,46.161,4
herbicide,910,910,19,46.057,4
bonus,911,911,19,46.047,4
cheat,912,912,19,46.023,4
missile,913,913,19,45.967,4
rub,914,914,19,45.945,4
radar,915,915,19,45.872,4
memorize,916,916,19,45.828,4
scripture,917,917,19,45.819,4
whoever,918,918,19,45.733,4
whichever,919,919,19,45.489,4
bullet,920,920,19,45.326,3
punch,921,921,19,45.325,3
postgraduate,922,922,19,45.287,3
artwork,923,923,19,45.22,3
pardon,924,924,19,45.047,3
millimeter,925,925,19,44.916,3
incredible,926,926,19,44.861,3
halfway,927,927,19,44.848,3
deadline,928,928,19,44.808,3
bang,929,929,19,44.77,3
semi,930,930,19,44.497,3
slash,931,931,19,44.465,3
ridiculous,932,932,19,44.415,3
multi,933,933,19,44.385,3
homework,934,933,19,44.385,3
volition,935,935,19,44.333,3
tricky,936,936,19,43.896,2
cheer,937,937,19,43.81,2
shuttle,938,938,19,43.767,2
aerosol,939,939,19,43.708,2
athletic,940,940,19,43.62,2
chess,941,941,19,43.564,2
terribly,942,942,19,43.525,2
unintelligible,943,943,19,43.512,2
circa,944,944,19,43.488,2
scroll,945,945,19,43.465,2
sponsorship,946,946,19,43.286,2
connector,947,947,19,43.196,2
nasty,948,948,19,43.172,2
incredibly,949,949,19,43.128,2
neo,950,950,19,43.106,2
entrant,951,951,19,42.98,2
hawk,952,952,19,42.937,2
handout,953,953,19,42.85,2
tech,954,954,19,42.591,2
rack,955,955,19,42.423,2
applause,956,956,19,42.343,2
demonstrator,957,957,19,42.26,2
calculator,958,958,19,41.841,2
mall,959,959,19,41.244,1
sneeze,960,960,19,40.815,1
sniff,961,961,19,40.694,1
stadium,962,962,19,40.67,1
descendent,963,963,19,38.92,1
